url	filename
http://www.urbanara.de/premiumbettwaesche	153.html
http://www.urbanara.de/seiden-produkte	192.html
http://www.urbanara.de/badetuecher-xxl	138.html
http://www.urbanara.de/baby-alpakadecken	246.html
http://www.urbanara.de/sitzkissen	247.html
http://www.urbanara.de/wohnen	5.html
http://www.urbanara.de/essen-und-trinken	6.html
http://www.urbanara.de/schlafen	17.html
http://www.urbanara.de/bettwaesche	20.html
http://www.urbanara.de/tagesdecken	21.html
http://www.urbanara.de/kaschmirdecken	22.html
http://www.urbanara.de/sofakissen	107.html
http://www.urbanara.de/wolldecken	112.html
http://www.urbanara.de/plaids	113.html
http://www.urbanara.de/baden	118.html
http://www.urbanara.de/handtuecher	119.html
http://www.urbanara.de/gaestehandtuecher	120.html
http://www.urbanara.de/badetuecher	122.html
http://www.urbanara.de/picknickdecken	125.html
http://www.urbanara.de/bettbezuege	130.html
http://www.urbanara.de/alpaka-decken	131.html
http://www.urbanara.de/badematten	133.html
http://www.urbanara.de/hotelbettwaesche	135.html
http://www.urbanara.de/bettlaken	140.html
http://www.urbanara.de/bademantel	142.html
http://www.urbanara.de/seidenbettwaesche	143.html
http://www.urbanara.de/satin-bettwaesche	147.html
http://www.urbanara.de/italienische-bettwaesche	148.html
http://www.urbanara.de/luxusbettwaesche	150.html
http://www.urbanara.de/kinderbettwaesche	151.html
http://www.urbanara.de/bettwaesche-uebergroessen	152.html
http://www.urbanara.de/wohnaccessoires	155.html
http://www.urbanara.de/tischdecken	157.html
http://www.urbanara.de/servietten	158.html
http://www.urbanara.de/haengematten	181.html
http://www.urbanara.de/strandtuecher	182.html
http://www.urbanara.de/kuechenaccessoires	183.html
http://www.urbanara.de/leinen-bettwaesche	184.html
http://www.urbanara.de/hamamtuecher	186.html
http://www.urbanara.de/kissen	187.html
http://www.urbanara.de/ueberwuerfe	189.html
http://www.urbanara.de/decken	193.html
http://www.urbanara.de/hochzeitsgeschenke	217.html
http://www.urbanara.de/sauna-artikel	218.html
http://www.urbanara.de/leinen-tischwaesche	222.html
http://www.urbanara.de/spannbettlaken	225.html
http://www.urbanara.de/bettdecken	226.html
http://www.urbanara.de/tischwaesche	228.html
http://www.urbanara.de/geschirrtuecher	229.html
http://www.urbanara.de/alle-teppiche	230.html
http://www.urbanara.de/landhaus-bettwaesche	241.html
http://www.urbanara.de/winter-bettwaesche	245.html
http://www.urbanara.de/geschenkideen	251.html
http://www.urbanara.de/kaschmirplaids	257.html
http://www.urbanara.de/weisse-tagesdecken	259.html
http://www.urbanara.de/baumwoll-tagesdecken	260.html
http://www.urbanara.de/wunderbar-weiss	263.html
http://www.urbanara.de/cart-products	266.html
http://www.urbanara.de/porzellan	267.html
http://www.urbanara.de/pendelleuchten	276.html
http://www.urbanara.de/aufbewahrung	278.html
http://www.urbanara.de/wollteppiche	279.html
http://www.urbanara.de/juteteppiche	280.html
http://www.urbanara.de/laeufer	281.html
http://www.urbanara.de/sommer-bettdecken	288.html
http://www.urbanara.de/waeschekoerbe	294.html
http://www.urbanara.de/mohairdecken	335.html
http://www.urbanara.de/sisalteppiche	419.html
http://www.urbanara.de/daunasan-bettdecken	406.html
http://www.urbanara.de/fruehlingsbettwaesche	345.html
http://www.urbanara.de/boho-ethno-style-schlafzimmer	350.html
http://www.urbanara.de/sommerbettwaesche	354.html
http://www.urbanara.de/bettwaesche-135x200-cm	356.html
http://www.urbanara.de/bettwaesche-220x240-cm	357.html
http://www.urbanara.de/bettwaesche-155x220-cm	359.html
http://www.urbanara.de/bettwaesche-200x200-cm	360.html
http://www.urbanara.de/bettwaesche-200x220-cm	361.html
http://www.urbanara.de/allergiker-bettwaesche	363.html
http://www.urbanara.de/kissen-40x40-cm	386.html
http://www.urbanara.de/kissen-50x50-cm	387.html
http://www.urbanara.de/kissen-45x45-cm	388.html
http://www.urbanara.de/vorhaenge	399.html
http://www.urbanara.de/dekokissen	403.html
http://www.urbanara.de/perkalbettwaesche	405.html
http://www.urbanara.de/nomite-kissen	410.html
http://www.urbanara.de/woolmark-decken	411.html
http://www.urbanara.de/care-fair-teppiche	414.html
http://www.urbanara.de/fussmatten	417.html
http://www.urbanara.de/handtuchset-geschenkt	420.html
http://www.urbanara.de/kinder-teppiche	421.html
http://www.urbanara.de/handtuchsets	494.html
http://www.urbanara.de/teppiche	525.html
http://www.urbanara.de/herbst-winterkollektion	534.html
http://www.urbanara.de/leuchten-kugelform	536.html
http://www.urbanara.de/kissenhuellen	539.html
http://www.urbanara.de/stilvolle-nacht	541.html
http://www.urbanara.de/strandtaschen	542.html
http://www.urbanara.de/stehlampen	548.html
http://www.urbanara.de/tischleuchten	549.html
http://www.urbanara.de/kuechenlampen	550.html
http://www.urbanara.de/leselampen	551.html
http://www.urbanara.de/nachttischlampen	552.html
http://www.urbanara.de/gartenstuehle-liegestuehle	561.html
http://www.urbanara.de/pflanzkuebel-blumentoepfe	562.html
http://www.urbanara.de/baumwolldecken	563.html
http://www.urbanara.de/windlichter-laternen	564.html
http://www.urbanara.de/black-friday	599.html
http://www.urbanara.de/samt-marmor-eleganz	616.html
